City_ID,City,Country,Lat,Lng,Max Temp,Humidity,Cloudiness,Wind Speed,Description
0,Sao Filipe,CV,14.8961,-24.4956,299.54,57,79,6.51,broken clouds
1,Rocha,UY,-34.4833,-54.3333,285.47,90,0,2.12,clear sky
2,Mataura,NZ,-46.1927,168.8643,288.97,32,26,4.08,scattered clouds
3,Bethel,US,41.3712,-73.414,280.64,61,1,0.45,clear sky
4,Rikitea,PF,-23.1203,-134.9692,296.24,85,42,4.94,light rain
5,Busselton,AU,-33.65,115.3333,296.89,47,59,2.59,broken clouds
6,Lodwar,KE,3.1191,35.5973,300.67,56,90,7.27,overcast clouds
7,Kirakira,SB,-10.4544,161.9205,303.51,67,100,4.08,overcast clouds
8,Wilmington,US,34.2257,-77.9447,287.1,81,79,2.18,broken clouds
9,Port Alfred,ZA,-33.5906,26.891,290.47,95,4,4.2,clear sky
10,Hobart,AU,-42.8794,147.3294,290.96,49,40,5.66,scattered clouds
11,Asau,RO,46.4333,26.4,274.66,89,100,1.4,overcast clouds
12,Georgetown,MY,5.4112,100.3354,299.11,93,40,1.03,scattered clouds
13,Lata,PT,40.1629,-8.3327,289.86,94,100,5.87,overcast clouds
14,Ushuaia,AR,-54.8,-68.3,285.96,47,75,6.17,broken clouds
15,Shadrinsk,RU,56.0852,63.6335,251.51,100,28,0.17,scattered clouds
16,Del Rio,US,29.3627,-100.8968,285.5,81,100,9.39,overcast clouds
17,Thompson,CA,55.7435,-97.8558,268.86,97,100,2.51,overcast clouds
18,Carnarvon,AU,-24.8667,113.6333,297.04,62,0,2.28,clear sky
19,Verkh-Usugli,RU,52.7,115.1667,255.13,91,15,0.36,few clouds
20,Sinnamary,GF,5.3833,-52.95,299.22,81,100,6.06,overcast clouds
21,Jamestown,US,42.097,-79.2353,277.95,53,0,3.09,clear sky
22,Ambon,ID,-3.6954,128.1814,298.23,88,40,5.14,scattered clouds
23,Jasidih,IN,24.5167,86.65,288.27,60,4,2.19,clear sky
24,Albany,US,42.6001,-73.9662,276.1,68,11,1.74,few clouds
25,Praia Da Vitoria,PT,38.7333,-27.0667,289.13,94,100,4.72,overcast clouds
26,Faanui,PF,-16.4833,-151.75,299.98,73,6,0.46,light rain
27,Saskylakh,RU,71.9167,114.0833,234.29,100,67,0.72,broken clouds
28,Longyearbyen,SJ,78.2186,15.6401,276.06,75,75,7.72,broken clouds
29,Cherskiy,RU,68.75,161.3,234.42,100,36,0.85,scattered clouds
30,Atuona,PF,-9.8,-139.0333,298.89,77,44,8.41,light rain
31,Kavaratti,IN,10.5669,72.642,299.54,50,63,1.43,broken clouds
32,Puerto Madryn,AR,-42.7692,-65.0385,296.43,41,100,4.47,overcast clouds
33,Necochea,AR,-38.5473,-58.7368,285.81,58,10,5.01,clear sky
34,Kodiak,US,57.79,-152.4072,273.29,76,100,3.96,overcast clouds
35,Kapaa,US,22.0752,-159.319,302.14,79,100,5.66,overcast clouds
36,Provideniya,RU,64.3833,-173.3,263.21,52,40,10.0,scattered clouds
37,Roebourne,AU,-20.7833,117.1333,301.52,51,17,4.34,few clouds
38,Avarua,CK,-21.2078,-159.775,300.18,74,75,9.26,broken clouds
39,Batsfjord,NO,70.6345,29.7185,271.03,100,20,4.12,few clouds
40,Dunedin,NZ,-45.8742,170.5036,289.32,53,96,1.52,overcast clouds
41,Beringovskiy,RU,63.05,179.3167,251.06,95,6,4.4,clear sky
42,Saint-Philippe,RE,-21.3585,55.7679,295.92,79,80,2.85,broken clouds
43,Sinop,TR,41.7711,34.8709,280.7,75,53,4.8,broken clouds
44,Nola,IT,40.922,14.5329,284.38,81,96,3.63,overcast clouds
45,Henties Bay,NA,-22.116,14.2845,289.1,81,0,1.58,clear sky
46,Punta Arenas,CL,-53.15,-70.9167,283.21,66,20,6.69,few clouds
47,East London,ZA,-33.0153,27.9116,291.86,87,7,4.03,clear sky
48,Olafsvik,IS,64.8945,-23.7142,276.44,76,32,9.22,scattered clouds
49,Nome,US,64.5011,-165.4064,267.13,93,100,2.15,overcast clouds
50,Bubaque,GW,11.2833,-15.8333,301.63,65,100,2.41,overcast clouds
51,Hamilton,US,39.1834,-84.5333,280.92,53,0,0.0,clear sky
52,Nuuk,GL,64.1835,-51.7216,263.41,93,86,2.2,overcast clouds
53,Constitucion,CL,-35.3333,-72.4167,288.17,82,27,7.11,scattered clouds
54,Port Elizabeth,ZA,-33.918,25.5701,292.09,96,23,2.74,few clouds
55,Falavarjan,IR,32.5553,51.5097,270.71,34,3,0.86,clear sky
56,Jacqueville,CI,5.2052,-4.4146,299.37,82,1,2.59,light rain
57,Yanam,IN,16.7333,82.2167,297.23,92,94,3.11,overcast clouds
58,Upata,VE,8.0086,-62.3989,296.59,96,10,1.46,clear sky
59,Tomatlan,MX,19.9333,-105.25,296.93,81,5,0.81,clear sky
60,Buraydah,SA,26.326,43.975,287.4,34,100,3.25,overcast clouds
61,Seoul,KR,37.5683,126.9778,284.84,76,66,2.57,broken clouds
62,Cabo San Lucas,MX,22.8909,-109.9124,297.62,68,0,2.57,clear sky
63,Rosetta,EG,31.4044,30.4164,292.05,58,0,1.2,clear sky
64,Muhos,FI,64.808,25.9931,264.03,93,100,1.92,overcast clouds
65,Alenquer,BR,-1.9417,-54.7383,302.18,56,76,1.67,broken clouds
66,Bluff,NZ,-46.6,168.3333,289.15,56,42,3.5,scattered clouds
67,Khatanga,RU,71.9667,102.5,236.46,100,63,2.07,broken clouds
68,Fortuna,US,40.5982,-124.1573,287.58,87,100,1.54,overcast clouds
69,Kathmandu,NP,27.7167,85.3167,282.27,87,20,1.03,mist
70,Esperance,AU,-33.8667,121.9,295.24,43,100,5.23,overcast clouds
71,Mount Gambier,AU,-37.8333,140.7667,288.64,56,83,4.14,broken clouds
72,Oranjemund,NA,-28.55,16.4333,288.04,85,1,0.85,clear sky
73,Qaanaaq,GL,77.484,-69.3632,261.02,78,45,1.95,scattered clouds
74,Nhulunbuy,AU,-12.2333,136.7667,306.49,55,40,3.09,scattered clouds
75,Shimoda,JP,34.6667,138.95,287.35,94,100,2.24,light rain
76,Grindavik,IS,63.8424,-22.4338,275.41,75,0,5.14,clear sky
77,Whitehorse,CA,60.7161,-135.0538,268.72,96,94,1.75,overcast clouds
78,Hokitika,NZ,-42.7167,170.9667,288.53,60,12,5.48,few clouds
79,Laguna,US,38.421,-121.4238,288.74,49,0,2.57,clear sky
80,Lagos,NG,6.5833,3.75,300.33,88,3,0.16,clear sky
81,Velez-Malaga,ES,36.7726,-4.1005,292.03,70,38,3.63,scattered clouds
82,Nimes,FR,43.8333,4.35,282.81,76,0,0.51,clear sky
83,Nikolskoye,RU,59.7035,30.7861,270.09,93,100,2.88,overcast clouds
84,Petropavlovsk-Kamchatskiy,RU,53.0452,158.6483,273.48,64,75,5.0,light shower snow
85,Barrow,US,71.2906,-156.7887,262.88,80,100,9.3,overcast clouds
86,Husavik,IS,66.0449,-17.3389,275.36,82,100,7.45,overcast clouds
87,Cape Town,ZA,-33.9258,18.4232,290.44,87,2,1.79,clear sky
88,Nalut,LY,30.3333,10.85,285.05,39,5,4.98,clear sky
89,Rochegda,RU,62.8,43.25,260.27,95,16,1.63,few clouds
90,Ponta Do Sol,PT,32.6667,-17.1,294.1,75,29,1.86,scattered clouds
91,Gainesville,US,29.6516,-82.3248,291.49,85,100,0.45,overcast clouds
92,Aklavik,CA,68.2191,-135.0107,264.04,95,100,5.45,light snow
93,Mizan Teferi,ET,6.9833,35.5833,288.66,84,74,1.4,broken clouds
94,New Norfolk,AU,-42.7826,147.0587,288.66,43,14,2.24,few clouds
95,Hithadhoo,MV,-0.6,73.0833,299.73,78,100,5.09,overcast clouds
96,Adre,TD,13.4667,22.2,293.7,28,11,5.92,few clouds
97,Harnosand,SE,62.6323,17.9379,274.26,74,100,6.04,overcast clouds
98,Portland,US,45.5234,-122.6762,285.13,91,75,2.68,broken clouds
99,Chokurdakh,RU,70.6333,147.9167,238.73,100,99,1.05,overcast clouds
100,Cuamba,MZ,-14.8031,36.5372,295.31,79,44,1.37,scattered clouds
101,Tautira,PF,-17.7333,-149.15,298.27,82,100,6.51,overcast clouds
102,Marseille,FR,43.3333,5.5,282.37,79,9,2.68,clear sky
103,Ribeira Grande,PT,38.5167,-28.7,290.25,81,100,0.45,overcast clouds
104,Inta,RU,66.0317,60.1659,248.06,97,52,3.73,broken clouds
105,Hilo,US,19.7297,-155.09,300.0,61,40,3.09,scattered clouds
106,Lorengau,PG,-2.0226,147.2712,301.24,77,100,4.3,overcast clouds
107,Cabedelo,BR,-6.9811,-34.8339,297.52,75,100,6.01,overcast clouds
108,Airai,TL,-8.9266,125.4092,295.16,70,80,0.36,broken clouds
109,Payakumbuh,ID,-0.2202,100.6308,297.23,78,92,1.71,overcast clouds
110,Gilbues,BR,-9.8317,-45.3439,298.51,62,86,1.35,overcast clouds
111,Butaritari,KI,3.0707,172.7902,300.54,75,68,5.05,light rain
112,Yellowknife,CA,62.456,-114.3525,270.44,100,100,4.63,light snow
113,Poum,NC,-20.2333,164.0167,299.53,80,97,2.27,overcast clouds
114,Hermanus,ZA,-34.4187,19.2345,289.15,75,2,2.23,clear sky
115,Filingue,NE,14.3521,3.3168,296.15,13,19,5.01,few clouds
116,Ubeda,ES,38.0133,-3.3705,286.81,85,100,4.71,overcast clouds
117,Kourou,GF,5.1552,-52.6478,299.18,79,100,5.15,overcast clouds
118,Dakar,SN,14.6937,-17.4441,299.64,46,5,8.63,clear sky
119,Dikson,RU,73.5069,80.5464,247.42,92,100,4.11,overcast clouds
120,Mutsu,JP,41.2894,141.2169,279.21,59,100,1.91,overcast clouds
121,Port Macquarie,AU,-31.4333,152.9167,298.09,40,0,3.75,clear sky
122,Sitka,US,57.0531,-135.33,278.99,94,100,3.35,light rain
123,Mnogovershinnyy,RU,53.9353,139.9242,262.0,86,85,3.6,overcast clouds
124,Bulawayo,ZW,-20.15,28.5833,292.64,64,96,2.47,overcast clouds
125,Madang,PG,-5.2246,145.7966,302.7,67,90,1.4,overcast clouds
126,Jasper,US,37.2001,-94.3502,282.1,74,0,3.11,clear sky
127,Nanortalik,GL,60.1432,-45.2371,273.06,81,100,3.56,overcast clouds
128,Kulhudhuffushi,MV,6.6221,73.07,300.01,71,90,3.33,overcast clouds
129,Aswan,EG,24.0934,32.907,294.74,36,2,5.18,clear sky
130,Coquimbo,CL,-29.9533,-71.3436,289.0,77,40,2.06,scattered clouds
131,Natal,BR,-5.795,-35.2094,299.51,69,20,4.63,few clouds
132,Tual,ID,-5.6667,132.75,302.25,68,81,0.3,broken clouds
133,Half Moon Bay,US,37.4636,-122.4286,290.3,62,0,6.17,clear sky
134,Mitsamiouli,KM,-11.3847,43.2844,298.75,77,0,4.4,clear sky
135,Scarborough,GB,54.2797,-0.4044,278.1,91,12,0.45,few clouds
136,Morehead,US,37.2711,-87.1764,277.59,64,0,0.0,clear sky
137,Takoradi,GH,4.8845,-1.7554,299.28,82,84,2.7,broken clouds
138,Urumqi,CN,43.801,87.6005,271.68,100,20,1.0,mist
139,Port Augusta,AU,-32.5,137.7667,293.26,48,0,2.9,clear sky
140,Romny,UA,50.751,33.4747,272.48,92,100,4.68,overcast clouds
141,Guntakal,IN,15.1667,77.3833,293.64,94,85,1.15,overcast clouds
142,Flinders,AU,-34.5833,150.8552,297.14,50,3,5.36,clear sky
143,Haines Junction,CA,60.7522,-137.5108,269.12,93,100,1.54,overcast clouds
144,Geraldton,AU,-28.7667,114.6,295.38,64,40,3.6,scattered clouds
145,Saint-Georges,GD,12.0564,-61.7485,297.97,88,75,9.26,light rain
146,Karwar,IN,14.8,74.1333,297.24,74,98,1.26,overcast clouds
147,Castro,BR,-24.7911,-50.0119,288.59,95,100,1.22,overcast clouds
148,Lahaina,US,20.8783,-156.6825,300.34,79,5,4.06,clear sky
149,Awash,ET,8.9833,40.1667,292.39,52,5,0.42,clear sky
150,Waipawa,NZ,-41.4122,175.5153,291.89,41,9,5.37,clear sky
151,Arraial Do Cabo,BR,-22.9661,-42.0278,296.36,88,100,10.64,overcast clouds
152,Bandar,ID,2.05,99.75,297.83,83,100,0.27,overcast clouds
153,Linxia,CN,35.6003,103.2064,276.89,45,100,0.97,overcast clouds
154,Severo-Kurilsk,RU,50.6789,156.125,274.61,66,81,12.44,light snow
155,Muros,ES,42.7762,-9.0603,290.42,94,100,11.3,overcast clouds
156,Norman Wells,CA,65.282,-126.8329,266.17,86,100,6.17,light snow
157,Mount Isa,AU,-20.7333,139.5,303.02,15,23,5.66,few clouds
158,Duki,PK,30.1541,68.5728,284.02,21,3,1.82,clear sky
159,Posse,BR,-14.0931,-46.3694,293.13,87,100,1.64,overcast clouds
160,Richards Bay,ZA,-28.783,32.0377,295.44,85,100,4.47,overcast clouds
161,Shwebo,MM,22.5667,95.7,292.33,74,0,2.38,clear sky
162,Naze,JP,28.3667,129.4833,293.66,88,100,5.79,moderate rain
163,Nelson Bay,AU,-32.7167,152.15,297.09,43,0,3.58,clear sky
164,Nguruka,TZ,-5.1092,31.0419,289.51,96,74,1.56,broken clouds
165,Wanning,CN,18.8003,110.3967,299.15,88,28,1.63,scattered clouds
166,Nouadhibou,MR,20.931,-17.0347,294.14,64,0,7.72,clear sky
167,Klaksvik,FO,62.2266,-6.589,277.66,92,100,12.3,moderate rain
168,Nantucket,US,41.2835,-70.0995,282.21,71,0,5.66,clear sky
169,San Andres,CO,12.5847,-81.7006,301.16,83,40,4.12,scattered clouds
170,Ternate,ID,0.8,127.4,301.88,71,100,1.44,overcast clouds
171,Bredasdorp,ZA,-34.5322,20.0403,288.15,82,5,1.43,clear sky
172,Inca,ES,39.7211,2.9109,290.89,73,94,5.6,overcast clouds
173,Tuktoyaktuk,CA,69.4541,-133.0374,265.15,93,100,4.12,overcast clouds
174,Charqueada,BR,-22.5097,-47.7781,293.49,84,100,1.85,overcast clouds
175,Los Llanos De Aridane,ES,28.6585,-17.9182,292.01,82,100,3.6,overcast clouds
176,Bathsheba,BB,13.2167,-59.5167,299.74,79,100,8.21,overcast clouds
177,Stoughton,US,42.1251,-71.1023,277.94,74,13,1.34,few clouds
178,Kamen-Na-Obi,RU,53.7884,81.3423,256.65,89,100,5.2,overcast clouds
179,Andros Town,BS,24.7,-77.7667,299.13,77,7,6.31,clear sky
180,Pangkalanbuun,ID,-2.6833,111.6167,301.74,72,100,0.42,overcast clouds
181,Lompoc,US,34.6391,-120.4579,291.23,71,0,4.63,clear sky
182,Eyl,SO,7.9803,49.8164,297.14,71,61,6.7,broken clouds
183,Hoquiam,US,46.9809,-123.8893,283.87,94,22,6.49,few clouds
184,Dawei,MM,14.0833,98.2,298.57,89,100,1.06,overcast clouds
185,Bonavista,CA,48.6499,-53.1147,273.06,73,72,10.49,broken clouds
186,Lebu,CL,-37.6167,-73.65,286.69,93,90,5.8,overcast clouds
187,Tasiilaq,GL,65.6145,-37.6368,276.24,77,100,13.12,overcast clouds
188,Tecolutilla,MX,18.2833,-93.3167,296.6,93,91,4.32,moderate rain
189,Santa Maria Da Boa Vista,BR,-8.8078,-39.8256,300.86,49,3,8.36,clear sky
190,Luderitz,NA,-26.6481,15.1594,289.36,78,0,2.18,clear sky
191,Millinocket,US,45.6573,-68.7098,270.6,80,0,0.0,clear sky
192,Topolobampo,MX,25.6,-109.05,294.1,46,20,5.14,few clouds
193,Puerto Ayora,EC,-0.7393,-90.3518,292.9,98,53,3.3,broken clouds
194,Torbay,CA,47.6666,-52.7314,274.03,90,100,9.77,light snow
195,Upernavik,GL,72.7868,-56.1549,265.91,75,92,2.16,overcast clouds
196,Ust-Tsilma,RU,65.441,52.1498,257.72,99,87,1.27,overcast clouds
197,Emba,KZ,48.8264,58.1442,275.41,99,100,4.97,light rain
198,Brae,GB,60.3964,-1.353,281.0,87,100,15.02,moderate rain
199,Maceio,BR,-9.6658,-35.7353,295.84,94,40,1.54,scattered clouds
200,Zyryanka,RU,65.75,150.85,242.96,96,100,4.5,overcast clouds
201,Kreminna,UA,49.0495,38.2179,274.87,96,100,7.81,snow
202,Gambo,CF,4.6482,22.2633,293.24,96,96,0.95,overcast clouds
203,Shu,KZ,43.5983,73.7614,278.58,94,100,1.4,overcast clouds
204,Abeche,TD,13.8292,20.8324,294.97,24,99,3.53,overcast clouds
205,Tirano,IT,46.2154,10.1679,277.21,94,24,4.21,few clouds
206,Mahebourg,MU,-20.4081,57.7,296.62,94,40,1.03,scattered clouds
207,Kavieng,PG,-2.5744,150.7967,303.24,61,22,6.5,few clouds
208,Babstovo,RU,48.1167,132.4833,264.55,69,100,1.32,light snow
209,Salmo,CA,49.1999,-117.2689,272.42,98,100,1.13,snow
210,Hebi,CN,35.8992,114.1925,283.8,64,1,0.4,clear sky
211,Shimanovsk,RU,52.0,127.7,258.53,89,71,1.55,broken clouds
212,Pecos,US,31.4229,-103.4932,286.65,54,0,3.09,clear sky
213,Skelleftea,SE,64.7507,20.9528,263.71,100,100,3.6,overcast clouds
214,Shahapur,IN,19.45,73.3333,293.48,38,78,1.68,broken clouds
215,Newport,GB,51.5877,-2.9984,281.45,86,53,6.34,broken clouds
216,Chapais,CA,49.7834,-74.8492,266.03,92,100,4.45,overcast clouds
217,Victoria,HK,22.2855,114.1577,298.36,91,100,3.58,overcast clouds
218,Baracoa,CU,20.3467,-74.4958,299.34,88,61,5.7,light rain
219,Gat,IL,31.61,34.7642,290.27,82,3,2.08,clear sky
220,Pitimbu,BR,-7.4706,-34.8086,297.48,75,84,5.39,broken clouds
221,Narsaq,GL,60.9167,-46.05,272.27,74,100,3.46,overcast clouds
222,Shenxian,CN,36.2411,115.6672,282.63,76,0,2.16,clear sky
223,Dongying,CN,37.4564,118.4856,282.54,70,0,2.23,clear sky
224,Ourossogui,SN,15.6064,-13.3211,297.46,15,51,5.39,broken clouds
225,Oriximina,BR,-1.7656,-55.8661,301.39,59,53,1.04,broken clouds
226,Saint Andrews,US,34.0454,-81.1293,285.0,67,75,0.0,broken clouds
227,Jalu,LY,29.0331,21.5482,288.72,58,0,3.31,clear sky
228,Leningradskiy,RU,69.3833,178.4167,249.44,95,100,3.8,overcast clouds
229,Hofn,IS,64.2539,-15.2082,275.13,86,94,13.46,overcast clouds
230,Vaini,TO,-21.2,-175.2,302.24,74,40,5.66,scattered clouds
231,Banda Aceh,ID,5.5577,95.3222,299.84,77,61,4.38,broken clouds
232,Namibe,AO,-15.1961,12.1522,295.6,72,95,2.23,overcast clouds
233,Saint George,US,37.1041,-113.5841,283.29,29,0,2.06,clear sky
234,Bequimao,BR,-2.4489,-44.7825,297.19,94,0,1.45,clear sky
235,Port Lincoln,AU,-34.7333,135.8667,288.76,58,100,1.21,overcast clouds
236,Terrace Bay,CA,48.7834,-87.1,270.76,80,100,1.71,overcast clouds
237,Inhambane,MZ,-23.865,35.3833,296.02,73,6,4.44,clear sky
238,Nemours,FR,48.2751,2.6908,279.02,95,41,3.88,scattered clouds
239,Tagusao,PH,9.1924,117.8141,301.21,73,69,1.27,broken clouds
240,Bairiki,KI,1.3292,172.9752,303.15,70,20,2.06,few clouds
241,Nunkini,MX,20.3333,-90.1833,296.34,94,79,0.83,light rain
242,Qaqortoq,GL,60.7167,-46.0333,269.89,76,100,3.24,overcast clouds
243,Pochutla,MX,15.7432,-96.4661,298.05,88,66,1.64,moderate rain
244,Talgar,KZ,43.3027,77.2395,271.24,100,100,1.0,mist
245,Hualmay,PE,-11.0964,-77.6139,291.69,85,10,2.79,clear sky
246,Kenai,US,60.5544,-151.2583,274.34,99,100,2.57,light rain
247,Iqaluit,CA,63.7506,-68.5145,257.0,85,20,1.54,few clouds
248,Bambous Virieux,MU,-20.3428,57.7575,296.6,94,40,1.03,scattered clouds
249,Puerto Del Rosario,ES,28.5004,-13.8627,295.01,78,75,7.72,broken clouds
250,Knysna,ZA,-34.0363,23.0471,290.38,77,0,1.38,clear sky
251,Labuan,MY,5.2767,115.2417,303.35,79,20,1.03,few clouds
252,Ancud,CL,-41.8697,-73.8203,286.22,99,100,3.57,light rain
253,Merauke,ID,-8.4667,140.3333,302.97,69,100,2.98,overcast clouds
254,Strezhevoy,RU,60.7333,77.5889,246.74,91,8,4.51,clear sky
255,Maryborough,AU,-25.5333,152.7,303.7,28,100,1.57,overcast clouds
256,Lecce,IT,40.2167,18.1667,287.09,67,0,9.77,light rain
257,Bandarbeyla,SO,9.4942,50.8122,297.73,69,92,6.73,overcast clouds
258,Kaduqli,SD,11.0167,29.7167,297.07,28,51,3.75,broken clouds
259,Mehamn,NO,71.0357,27.8492,270.12,93,8,4.63,clear sky
260,Cidreira,BR,-30.1811,-50.2056,293.24,93,100,3.36,overcast clouds
261,Kungurtug,RU,50.5994,97.5228,261.09,91,100,0.51,overcast clouds
262,Santa Maria,BR,-29.6842,-53.8069,291.13,84,42,1.47,scattered clouds
263,College,US,64.8569,-147.8028,264.03,90,75,0.0,broken clouds
264,Saint-Pierre,RE,-21.3393,55.4781,295.97,73,0,2.57,clear sky
265,Roma,US,43.2128,-75.4557,278.0,86,16,1.14,few clouds
266,Clyde River,CA,70.4692,-68.5914,258.28,78,100,7.72,overcast clouds
267,San Patricio,US,28.017,-97.5169,286.08,85,96,2.79,overcast clouds
268,Ryotsu,JP,38.0833,138.4333,285.4,61,100,4.87,light rain
269,Mar Del Plata,AR,-38.0023,-57.5575,288.08,76,0,4.02,clear sky
270,Taoudenni,ML,22.6783,-3.9836,291.05,16,100,4.58,overcast clouds
271,Shintomi,JP,32.0785,131.4723,292.77,88,97,2.23,overcast clouds
272,Jizan,SA,17.3333,42.6667,298.67,66,3,1.93,clear sky
273,Kisangani,CD,0.5167,25.2,292.98,98,91,0.17,overcast clouds
274,Chopda,IN,21.25,75.3,289.46,47,65,1.48,broken clouds
275,Tabou,CI,4.423,-7.3528,298.61,85,0,3.17,clear sky
276,Tigil,RU,57.8,158.6667,273.38,73,100,7.71,overcast clouds
277,Maltahohe,NA,-24.8333,16.9833,288.66,35,0,3.52,clear sky
278,Socorro,US,31.6546,-106.3033,287.71,39,75,2.57,broken clouds
279,Komsomolskiy,UZ,40.4272,71.7189,278.55,87,100,1.03,mist
280,Ayan,RU,56.45,138.1667,262.71,63,100,6.24,overcast clouds
281,Brive-La-Gaillarde,FR,45.25,1.5,281.39,73,100,1.73,light rain
282,Tottori,JP,35.5,134.2333,286.19,94,75,3.6,light rain
283,Ambilobe,MG,-13.2,49.05,295.35,92,47,1.58,scattered clouds
284,Tuatapere,NZ,-46.1333,167.6833,290.15,36,69,2.78,broken clouds
285,Sistranda,NO,63.7256,8.834,276.13,57,100,9.76,overcast clouds
286,Hambantota,LK,6.1241,81.1185,297.71,83,59,4.89,broken clouds
287,Ishim,RU,56.1128,69.4902,250.67,98,22,2.23,few clouds
288,Vao,NC,-22.6667,167.4833,297.92,73,1,2.23,clear sky
289,Kahului,US,20.8947,-156.47,300.35,75,17,5.36,few clouds
290,Vilyuysk,RU,63.7553,121.6247,249.11,99,100,0.28,overcast clouds
291,Caravelas,BR,-17.7125,-39.2481,295.33,89,100,2.39,overcast clouds
292,Shaowu,CN,27.3409,117.4831,290.41,92,97,0.91,overcast clouds
293,Hobyo,SO,5.3505,48.5268,299.39,70,33,6.52,scattered clouds
294,Pisco,PE,-13.7,-76.2167,292.18,88,0,5.14,clear sky
295,Gewane,ET,10.1664,40.6453,297.0,42,45,1.18,scattered clouds
296,Urucui,BR,-7.2294,-44.5561,300.09,51,4,1.84,clear sky
297,Arlit,NE,18.7369,7.3853,294.95,18,100,3.08,overcast clouds
298,Shenkursk,RU,62.1091,42.896,260.17,90,7,1.82,clear sky
299,Zhezkazgan,KZ,47.8043,67.7144,271.14,93,100,4.0,overcast clouds
300,Carutapera,BR,-1.195,-46.02,298.74,88,8,3.06,clear sky
301,Ust-Kuyga,RU,70.0167,135.6,231.56,100,98,1.82,overcast clouds
302,Bethanien,NA,-26.502,17.1583,292.0,41,0,3.09,clear sky
303,Cozumel,MX,20.5083,-86.9458,300.41,86,20,0.0,few clouds
304,Mahanje,TZ,-9.9333,35.3333,292.11,77,45,1.1,scattered clouds
305,Lagoa,PT,39.05,-27.9833,289.06,71,100,5.46,overcast clouds
306,Loa Janan,ID,-0.583,117.095,301.9,69,52,1.13,broken clouds
307,Biograd Na Moru,HR,43.9433,15.4519,283.01,80,100,1.6,light rain
308,Lavrentiya,RU,65.5833,-171.0,257.49,90,100,7.3,overcast clouds
309,Steamboat Springs,US,40.485,-106.8317,272.46,53,0,3.09,clear sky
310,Telimele,GN,10.9167,-13.3333,293.74,48,12,0.56,few clouds
311,Mtambile,TZ,-5.3833,39.7,298.39,87,8,4.37,light rain
312,Bikaner,IN,28.0167,73.3,288.15,31,0,1.78,clear sky
313,Malnas,RO,46.0167,25.8333,277.37,77,99,2.06,overcast clouds
314,Cody,US,44.5263,-109.0565,271.26,80,0,2.06,clear sky
315,Camacha,PT,33.0833,-16.3333,289.83,94,75,4.63,light intensity drizzle
316,Labuhan,ID,-6.8844,112.2051,300.59,75,100,3.49,moderate rain
317,Conceicao Da Barra,BR,-18.5933,-39.7322,295.3,87,100,2.16,overcast clouds
318,Barcelos,PT,41.5388,-8.6151,290.23,95,100,7.95,light rain
319,Xinyu,CN,27.8043,114.9334,289.5,79,77,3.06,broken clouds
320,Iskateley,RU,67.6803,53.1512,265.19,96,99,3.74,light snow
321,Souillac,MU,-20.5167,57.5167,295.36,94,40,1.03,scattered clouds
322,San Quintin,MX,30.4833,-115.95,289.87,60,21,3.22,few clouds
323,Quelimane,MZ,-17.8786,36.8883,296.78,78,47,1.6,scattered clouds
324,Werda,BW,-25.2667,23.2833,294.83,51,0,5.38,clear sky
325,Sechura,PE,-5.5569,-80.8222,292.37,76,23,5.11,few clouds
326,Ilawe,NG,7.8667,4.4333,295.49,90,1,1.23,clear sky
327,Novikovo,RU,51.1537,37.8879,273.59,96,100,6.23,light snow
328,Senador Guiomard,BR,-10.1522,-67.7392,297.01,99,100,1.61,overcast clouds
329,Ayacucho,PE,-13.1583,-74.2239,288.08,76,100,3.82,overcast clouds
330,Le Port,RE,-20.9373,55.2919,296.15,82,80,1.54,light rain
331,Luganville,VU,-15.5333,167.1667,303.16,68,41,3.53,scattered clouds
332,Brewster,US,41.3973,-73.6171,280.46,67,0,0.0,clear sky
333,Totma,RU,59.9747,42.7642,266.08,69,100,3.18,light snow
334,Hakkari,TR,37.5833,44.1667,272.03,69,75,1.54,broken clouds
335,Marystown,CA,47.1666,-55.1483,273.74,69,5,8.89,clear sky
336,Liverpool,GB,53.4106,-2.9779,280.12,92,100,3.6,overcast clouds
337,Ambulu,ID,-8.345,113.6058,299.57,83,100,0.68,overcast clouds
338,Alice Springs,AU,-23.7,133.8833,290.9,52,100,3.09,light rain
339,Maracaibo,VE,10.6317,-71.6406,298.82,81,0,3.2,clear sky
340,Suntar,RU,62.1444,117.6319,242.71,100,88,1.51,overcast clouds
341,Beian,NO,63.6559,9.5683,277.04,60,0,9.26,clear sky
342,Bud,US,39.447,-86.1758,279.49,63,0,3.14,clear sky
343,Singkawang,ID,0.9,109.0,302.1,67,76,1.55,broken clouds
344,Agaro,ET,7.85,36.65,287.02,89,100,0.62,overcast clouds
345,Noumea,NC,-22.2763,166.4572,304.14,66,16,4.46,few clouds
346,Shenzhen,CN,22.5455,114.0683,298.91,99,100,1.85,overcast clouds
347,Bilibino,RU,68.0546,166.4372,240.36,98,7,2.56,clear sky
348,Vigrestad,NO,58.5667,5.7,280.14,91,100,14.1,overcast clouds
349,Ormara,PK,25.2088,64.6357,296.93,29,44,4.67,scattered clouds
350,Vila Franca Do Campo,PT,37.7167,-25.4333,290.48,94,100,2.02,light rain
351,Puerto Cabezas,NI,14.0351,-83.3888,297.68,90,19,4.04,few clouds
352,Santa Cruz,BO,-17.8,-63.1667,297.85,57,40,2.06,scattered clouds
353,Oussouye,SN,12.485,-16.5469,297.3,30,100,3.52,overcast clouds
354,Port Hardy,CA,50.6996,-127.4199,280.25,100,40,0.0,fog
355,San Angelo,US,31.4638,-100.437,285.27,82,100,2.68,overcast clouds
356,Salinas,US,36.6777,-121.6555,290.35,58,0,3.6,clear sky
357,Aranos,NA,-24.1333,19.1167,292.44,20,0,4.84,clear sky
358,Bac Lieu,VN,9.285,105.7244,300.44,81,78,4.36,broken clouds
359,Fare,PF,-16.7,-151.0167,299.61,75,25,1.58,light rain
360,Pamplonita,CO,7.437,-72.638,289.37,94,85,0.18,overcast clouds
361,Rafai,CF,4.95,23.9167,295.0,88,99,1.6,overcast clouds
362,Kruisfontein,ZA,-34.0033,24.7314,290.31,91,3,2.11,clear sky
363,Guerrero Negro,MX,27.9769,-114.0611,292.01,44,63,4.2,broken clouds
364,Carbonia,IT,39.1672,8.5222,287.51,70,95,10.63,overcast clouds
365,Gamba,GA,-2.65,10.0,297.96,88,100,1.37,overcast clouds
366,Burgeo,CA,47.6167,-57.6152,272.2,69,27,9.47,scattered clouds
367,Batan,CR,10.0844,-83.341,297.31,91,61,0.81,broken clouds
368,Aguimes,ES,27.9054,-15.4461,292.5,64,75,6.71,broken clouds
369,Avera,US,33.194,-82.5271,285.03,52,100,2.2,overcast clouds
370,Magistralnyy,RU,56.1725,107.4458,260.84,79,100,2.14,overcast clouds
371,Kawalu,ID,-7.3817,108.2082,297.49,88,100,0.77,moderate rain
372,Cap Malheureux,MU,-19.9842,57.6142,296.74,76,2,0.89,clear sky
373,Khani,GE,41.9563,42.9566,277.91,63,2,1.84,clear sky
374,Sisimiut,GL,66.9395,-53.6735,263.27,91,95,3.4,overcast clouds
375,Douentza,ML,14.9951,-2.9517,295.57,14,99,1.71,overcast clouds
376,Paso De Carrasco,UY,-34.8603,-56.0522,290.34,88,0,1.54,clear sky
377,Vostok,RU,46.4856,135.8833,266.56,67,33,0.83,scattered clouds
378,Berlevag,NO,70.8578,29.0864,271.04,86,40,3.09,scattered clouds
379,Namatanai,PG,-3.6667,152.4333,302.92,65,62,4.05,broken clouds
380,Nizwa,OM,22.9333,57.5333,293.31,62,10,1.26,clear sky
381,Walvis Bay,NA,-22.9575,14.5053,288.76,88,0,2.57,clear sky
382,Tevaitoa,PF,-16.7833,-151.5,299.78,75,87,1.59,light rain
383,Cabra,ES,37.4725,-4.4421,286.12,95,89,2.87,overcast clouds
384,Brigantine,US,39.4101,-74.3646,281.49,70,0,2.06,clear sky
385,Talcahuano,CL,-36.7167,-73.1167,287.97,77,0,6.69,clear sky
386,Lieksa,FI,63.3167,30.0167,265.71,92,100,3.24,overcast clouds
387,Camana,PE,-16.6228,-72.7111,293.07,80,84,1.76,broken clouds
388,Luanda,AO,-8.8368,13.2343,297.97,77,99,2.01,overcast clouds
389,Nampula,MZ,-15.1165,39.2666,297.12,83,40,3.09,scattered clouds
390,Fairbanks,US,64.8378,-147.7164,264.04,90,75,0.0,broken clouds
391,Eenhana,NA,-17.4667,16.3333,296.14,50,99,1.77,overcast clouds
392,Atherton,GB,53.5237,-2.4935,279.9,95,15,3.04,few clouds
393,Yabelo,ET,4.8833,38.0833,287.17,78,71,3.49,broken clouds
394,Neyyattinkara,IN,8.4,77.0833,297.07,89,7,2.68,clear sky
395,Barranca,PE,-10.75,-77.7667,291.52,83,9,2.35,clear sky
396,Tupiza,BO,-21.45,-65.7167,285.43,67,72,3.63,broken clouds
397,Kudahuvadhoo,MV,2.6708,72.8944,300.52,73,80,6.41,broken clouds
398,Fort Nelson,CA,58.8053,-122.7002,270.34,86,20,3.09,few clouds
399,Yerbogachen,RU,61.2767,108.0108,238.97,100,79,1.44,broken clouds
400,Rorvik,NO,64.8621,11.2373,276.21,60,13,8.23,few clouds
401,Ornskoldsvik,SE,63.2909,18.7153,272.49,83,100,3.27,overcast clouds
402,Tera,NE,14.0078,0.7531,297.01,16,8,4.21,clear sky
403,Griffith,US,41.5284,-87.4237,280.31,65,0,0.0,clear sky
404,Pangody,RU,65.85,74.4859,245.33,100,100,2.32,overcast clouds
405,Sarkand,KZ,45.41,79.9186,273.43,98,100,3.73,snow
406,Pevek,RU,69.7008,170.3133,240.48,100,100,2.86,overcast clouds
407,Zhangye,CN,38.9342,100.4517,274.51,42,86,1.82,overcast clouds
408,Yeysk,RU,46.6989,38.2792,279.28,70,42,9.39,scattered clouds
409,Kursk,RU,51.7303,36.1939,272.33,90,100,5.03,light snow
410,Ahipara,NZ,-35.1667,173.1667,291.74,62,1,6.32,clear sky
411,Jvari,GE,42.7169,42.052,286.91,68,100,0.95,overcast clouds
412,Davila,PH,18.4726,120.5763,302.14,71,53,0.97,broken clouds
413,Vidim,RU,56.4088,103.1106,262.25,85,100,2.97,overcast clouds
414,Kalevala,RU,65.2,31.1667,265.86,98,99,1.17,overcast clouds
415,Berdsk,RU,54.7551,83.0967,254.03,86,87,6.18,overcast clouds
416,Marienburg,PL,54.0359,19.0266,275.29,92,100,2.88,overcast clouds
417,Sao Joao Da Barra,BR,-21.6403,-41.0511,296.51,86,99,6.61,overcast clouds
418,Touros,BR,-5.1989,-35.4608,299.43,67,100,6.84,overcast clouds
419,Jaisinghnagar,IN,23.7,81.3833,284.69,65,9,0.83,clear sky
420,Ilulissat,GL,69.2167,-51.1,267.16,93,100,1.03,overcast clouds
421,Cintalapa,MX,16.6951,-93.7272,292.73,98,100,1.75,overcast clouds
422,Yulara,AU,-25.2406,130.9889,296.86,28,100,7.1,overcast clouds
423,Ghanzi,BW,-21.5667,21.7833,296.81,60,100,2.73,overcast clouds
424,Tarakan,ID,3.3,117.6333,301.87,84,75,2.06,broken clouds
425,Hammerfest,NO,70.6634,23.6821,273.4,69,0,3.09,clear sky
426,Vestmannaeyjar,IS,63.4427,-20.2734,275.76,62,99,4.99,overcast clouds
427,Warrnambool,AU,-38.3833,142.4833,287.18,73,99,7.6,overcast clouds
428,Itoman,JP,26.1247,127.6694,296.36,94,75,1.03,broken clouds
429,Valley Station,US,38.1112,-85.8702,279.89,49,0,1.66,clear sky
430,Skjervoy,NO,70.0311,20.9714,267.15,51,57,5.66,broken clouds
431,Moerai,PF,-22.4333,-151.3333,296.37,77,64,9.08,broken clouds
432,Bobon,PH,12.5246,124.5636,300.84,85,100,3.16,overcast clouds
433,Kysyl-Syr,RU,63.8986,122.7617,246.97,98,100,0.27,overcast clouds
434,Aykhal,RU,66.0,111.5,249.53,99,100,1.57,overcast clouds
435,Tilichiki,RU,60.4667,166.1,268.07,88,100,9.12,snow
436,Amahai,ID,-3.3333,128.9167,303.79,64,98,0.59,overcast clouds
437,Baykalovo,RU,57.3981,63.7684,251.39,100,30,0.39,scattered clouds
438,Port Hedland,AU,-20.3167,118.5667,301.18,51,100,5.14,overcast clouds
439,Muskegon,US,43.3,-86.1334,278.65,69,20,2.57,few clouds
440,Mayo,US,38.8876,-76.5119,282.31,64,0,2.06,clear sky
441,Roseburg,US,43.2165,-123.3417,285.21,93,40,0.0,scattered clouds
442,Usinsk,RU,65.9939,57.5281,246.79,95,24,3.64,few clouds
443,Presevo,RS,42.3092,21.6492,278.37,96,98,2.51,overcast clouds
444,Dubbo,AU,-32.25,148.6167,294.22,43,12,5.14,few clouds
445,Basco,PH,20.4487,121.9702,300.69,78,100,7.52,overcast clouds
446,Katsuura,JP,35.1333,140.3,287.16,84,100,6.64,moderate rain
447,Platanos,GR,37.6667,21.6167,289.58,83,100,5.77,overcast clouds
448,Auchi,NG,7.0667,6.2667,295.02,77,5,1.83,clear sky
449,Gueret,FR,46.1667,1.8667,279.2,98,100,1.66,light rain
450,Paragominas,BR,-2.9667,-47.4833,298.64,79,42,1.54,scattered clouds
451,Tombouctou,ML,20.0,-3.0,292.94,18,100,5.17,overcast clouds
452,Sur,OM,22.5667,59.5289,297.46,65,19,2.21,few clouds
453,Krasnovishersk,RU,60.4078,57.082,255.23,100,100,1.01,overcast clouds
454,Copiapo,CL,-27.3667,-70.3333,286.98,56,0,1.25,clear sky
455,Tiarei,PF,-17.5333,-149.3333,302.16,82,100,6.46,overcast clouds
456,Kununurra,AU,-15.7667,128.7333,302.14,79,40,3.09,scattered clouds
457,Turukhansk,RU,65.8167,87.9833,237.16,98,25,2.17,scattered clouds
458,Maple Creek,CA,49.9168,-109.4848,279.38,65,100,5.66,overcast clouds
459,Smithers,CA,54.7804,-127.1743,272.33,100,75,1.03,broken clouds
460,Montelibano,CO,7.9829,-75.4229,297.21,93,100,2.42,overcast clouds
461,Flin Flon,CA,54.7682,-101.865,267.99,97,98,2.19,overcast clouds
462,Governador Valadares,BR,-18.8511,-41.9494,294.42,94,100,1.93,overcast clouds
463,Belyy Yar,RU,53.6039,91.3903,268.09,70,20,4.0,few clouds
464,Singaraja,ID,-8.112,115.0882,301.48,77,100,1.95,heavy intensity rain
465,Presidente Olegario,BR,-18.4178,-46.4181,294.24,70,100,1.78,overcast clouds
466,Launceston,AU,-41.45,147.1667,291.82,40,31,3.6,scattered clouds
467,Vitim,RU,59.4511,112.5578,247.08,99,100,1.36,overcast clouds
468,Honiara,SB,-9.4333,159.95,304.54,61,26,3.94,scattered clouds
469,Tiznit,MA,29.5833,-9.5,290.07,48,0,1.04,clear sky
470,Svetlaya,RU,46.5389,138.3297,271.07,43,17,1.89,few clouds
471,Delta Del Tigre,UY,-34.7633,-56.3853,290.31,69,0,2.31,clear sky
472,Salamiyah,SY,35.0113,37.0532,286.07,84,0,0.93,clear sky
473,Fuyang,CN,32.9,115.8167,284.83,80,2,0.99,clear sky
474,Sibu,MY,2.3,111.8167,302.32,79,20,2.06,few clouds
475,Nisia Floresta,BR,-6.0911,-35.2086,299.6,70,99,4.55,overcast clouds
476,Stepnoye,RU,51.4,46.8667,278.1,98,100,5.82,overcast clouds
477,Bongor,TD,10.2806,15.3722,294.81,17,3,3.05,clear sky
478,Clonakilty,IE,51.6231,-8.8706,282.71,85,100,11.48,overcast clouds
479,Marsa Matruh,EG,31.3525,27.2453,286.26,76,0,2.06,clear sky
480,Shubarshi,KZ,48.5872,57.1869,277.44,95,100,4.85,overcast clouds
481,Martapura,ID,-3.4167,114.85,302.2,79,20,2.06,few clouds
482,Talaya,RU,61.3833,152.75,249.74,98,100,3.36,light snow
483,Klang,MY,3.0333,101.45,300.05,88,20,1.03,few clouds
484,Puruaran,MX,19.1,-101.5333,294.11,73,53,1.4,broken clouds
485,Hasaki,JP,35.7333,140.8333,286.37,82,100,7.41,light rain
486,Khilok,RU,51.3674,110.4676,258.3,92,92,1.65,overcast clouds
487,Lujan,AR,-34.5703,-59.105,292.01,64,0,1.96,clear sky
488,Singaparna,ID,-7.3515,108.111,297.46,86,100,0.97,light rain
489,Rio Grande,BR,-32.035,-52.0986,290.79,86,58,4.28,broken clouds
490,Boguchany,RU,58.3814,97.4531,262.25,97,100,0.95,light snow
491,Tornio,FI,65.8481,24.1466,257.16,88,25,2.65,scattered clouds
492,Etaples,FR,50.5219,1.6332,283.08,93,75,3.6,light rain
493,Pangnirtung,CA,66.1451,-65.7125,254.91,66,54,2.78,broken clouds
494,Dingle,PH,10.9995,122.6711,301.48,80,13,3.27,few clouds
495,Trapani,IT,37.8333,12.6667,286.2,88,40,10.29,scattered clouds
496,Okhotsk,RU,59.3833,143.3,258.66,80,18,8.26,few clouds
497,Sidrolandia,BR,-20.9319,-54.9614,296.43,73,100,3.6,overcast clouds
498,Evensk,RU,61.95,159.2333,261.59,84,100,16.81,light snow
499,Nemuro,JP,43.3236,145.575,277.55,55,9,2.36,clear sky
500,Souris,CA,49.6172,-100.2612,272.45,86,92,3.87,overcast clouds
501,Karratha,AU,-20.7377,116.8463,301.82,50,59,3.97,broken clouds
502,Atar,MR,20.5169,-13.0499,292.07,22,0,3.67,clear sky
503,Senica,SK,48.6792,17.367,278.59,83,100,1.94,overcast clouds
504,Palora,EC,-1.7,-77.9333,292.82,99,98,1.38,moderate rain
505,Saint-Paul,RE,-21.0096,55.2707,296.21,83,99,0.99,light rain
506,Debno,PL,52.739,14.698,274.34,96,100,2.51,overcast clouds
507,Ivanovka,KG,42.8878,75.085,279.78,80,100,1.87,overcast clouds
508,Belmonte,BR,-15.8631,-38.8828,296.18,89,60,2.1,broken clouds
509,Quatre Cocos,MU,-20.2078,57.7625,296.53,84,11,2.81,few clouds
510,Lindi,TZ,-10.0,39.7167,297.29,92,29,1.29,light rain
511,Ongandjera,NA,-17.8833,15.0667,297.53,34,91,5.61,overcast clouds
512,Tura,IN,25.5198,90.2201,288.8,88,5,1.58,clear sky
513,Alyangula,AU,-13.8483,136.4192,304.71,56,91,1.01,overcast clouds
514,Bengkulu,ID,-3.8004,102.2655,297.06,92,100,4.44,moderate rain
515,Araouane,ML,18.9048,-3.5265,292.77,18,68,5.19,broken clouds
516,Springdale,US,36.1867,-94.1288,283.22,76,0,2.06,clear sky
517,Ugoofaaru,MV,5.6667,73.0,300.6,69,25,4.99,scattered clouds
518,Beloha,MG,-25.1667,45.05,292.6,79,0,5.86,clear sky
519,San Policarpo,PH,12.1791,125.5072,301.2,83,100,4.04,overcast clouds
520,Ostrovnoy,RU,68.0531,39.5131,275.37,89,100,5.26,light rain
521,Hami,CN,42.8,93.45,273.89,41,100,3.68,overcast clouds
522,Tabuk,PH,17.4189,121.4443,300.15,74,100,1.9,overcast clouds
523,Amazar,RU,53.858,120.875,253.79,85,23,0.59,few clouds
524,Ponta Delgada,PT,37.7333,-25.6667,290.65,88,40,2.57,scattered clouds
525,San Cristobal,VE,7.7669,-72.225,295.25,97,27,0.9,scattered clouds
526,Kaitangata,NZ,-46.2817,169.8464,290.24,43,82,2.58,broken clouds
527,The Valley,AI,18.217,-63.0578,300.23,83,20,7.2,few clouds
528,Dharchula,IN,29.85,80.5333,284.17,29,0,3.81,clear sky
529,Deputatskiy,RU,69.3,139.9,236.7,100,93,0.43,overcast clouds
530,Peniche,PT,39.3558,-9.3811,291.54,92,93,9.35,overcast clouds
531,High Level,CA,58.5169,-117.136,272.21,100,0,2.57,smoke
532,Flagstaff,US,35.1981,-111.6513,278.44,38,0,0.0,clear sky
533,Port Blair,IN,11.6667,92.75,299.17,94,75,0.0,broken clouds
534,Ianca,RO,45.1333,27.45,278.66,84,87,2.91,overcast clouds
535,Bahia Blanca,AR,-38.7196,-62.2724,296.64,30,98,6.7,overcast clouds
536,Robat Karim,IR,35.4846,51.0829,283.07,65,0,5.14,clear sky
537,Tawau,MY,4.2498,117.8871,302.22,80,98,0.68,overcast clouds
538,Samarai,PG,-10.6167,150.6667,303.02,66,58,7.15,broken clouds
539,Saldanha,ZA,-33.0117,17.9442,288.72,86,0,2.35,clear sky
540,Biak,ID,-0.9131,122.8766,300.6,72,100,0.9,overcast clouds
541,San Juan,AR,-31.5375,-68.5364,298.84,21,1,3.06,clear sky
542,Rajauri,IN,33.3833,74.3,284.5,19,0,2.37,clear sky
543,Mookane,BW,-23.688,26.6595,296.69,45,93,1.86,overcast clouds
544,Turbat,PK,26.0023,63.044,292.46,18,14,3.51,few clouds
545,San Pedro,PH,14.35,121.0167,303.72,73,75,2.06,broken clouds
546,Havre-Saint-Pierre,CA,50.2334,-63.5986,270.15,68,100,6.69,overcast clouds
547,Sambava,MG,-14.2667,50.1667,295.67,87,100,2.51,overcast clouds
548,Vila Velha,BR,-20.3297,-40.2925,297.12,88,40,3.09,scattered clouds
549,Puerto Escondido,MX,15.85,-97.0667,300.61,65,40,1.54,scattered clouds
550,Parapotamos,GR,39.5492,20.3228,288.4,77,100,5.72,overcast clouds
551,Siilinjarvi,FI,63.0833,27.6667,266.16,93,100,3.6,overcast clouds
552,Codrington,AU,-38.2667,141.9667,288.6,68,68,6.77,broken clouds
553,Maniitsoq,GL,65.4167,-52.9,265.56,80,70,5.53,broken clouds
554,Miracema Do Tocantins,BR,-9.5618,-48.3967,296.75,84,33,1.2,scattered clouds
555,Vestmanna,FO,62.1564,-7.1664,276.66,87,100,2.06,light rain
556,Obidos,BR,-1.9175,-55.5181,300.81,60,56,1.13,broken clouds
557,Leh,IN,34.1667,77.5833,260.09,56,1,1.64,clear sky
558,Sobolevo,RU,54.4299,31.8996,267.6,97,92,2.56,overcast clouds
559,Bahir Dar,ET,11.5936,37.3908,287.28,76,8,1.94,clear sky
560,Vuktyl,RU,63.8567,57.3094,245.03,100,10,1.39,clear sky
561,Cartagena Del Chaira,CO,1.3349,-74.8429,296.69,85,73,1.39,broken clouds
562,Mezen,RU,65.8522,44.24,264.91,96,27,2.04,scattered clouds
563,Dalvik,IS,65.9702,-18.5286,275.11,80,98,5.32,overcast clouds
564,Buriti Dos Lopes,BR,-3.175,-41.8669,298.79,70,55,3.47,broken clouds
565,Dogondoutchi,NE,13.6393,4.0287,295.12,14,8,4.65,clear sky
566,Teya,RU,60.3778,92.6267,255.27,99,100,1.02,overcast clouds
567,Lazaro Cardenas,MX,17.9583,-102.2,298.93,80,1,0.93,clear sky
568,Vardo,NO,70.3705,31.1107,274.14,86,75,3.09,broken clouds
569,Westport,US,41.1415,-73.3579,282.45,69,0,4.12,clear sky
570,Faxinal,BR,-24.0003,-51.3194,290.16,96,46,1.36,scattered clouds
571,Mahajanga,MG,-15.7167,46.3167,296.16,94,40,0.51,scattered clouds
572,Gejiu,CN,23.306,103.1635,286.83,72,72,1.31,broken clouds
573,Gisborne,NZ,-38.6533,178.0042,295.72,35,7,6.19,clear sky
574,Chuy,UY,-33.6971,-53.4616,287.54,86,53,1.87,broken clouds
575,Vryburg,ZA,-26.9566,24.7284,290.0,65,0,3.28,clear sky
576,Bacoor,PH,14.4167,120.95,304.12,73,75,2.06,broken clouds
577,Wanaka,NZ,-44.7,169.15,282.99,84,99,3.73,overcast clouds
578,Kamina,CD,-8.7386,24.9906,288.39,98,82,1.52,broken clouds
579,Paita,PE,-5.0892,-81.1144,291.33,85,48,3.55,scattered clouds
580,Ulaanbaatar,MN,47.9077,106.8832,256.22,71,40,1.0,scattered clouds
581,Verkhoyansk,RU,67.5447,133.385,235.88,99,98,0.53,overcast clouds
582,Makakilo City,US,21.3469,-158.0858,301.33,59,40,9.26,scattered clouds
583,Santa Barbara,US,34.7333,-120.0343,286.36,48,0,5.66,clear sky
584,Caceres,ES,39.522,-6.3748,288.27,86,100,7.38,overcast clouds
585,Barstow,US,34.8986,-117.0228,287.7,18,0,0.74,clear sky
586,Kalmunai,LK,7.4167,81.8167,298.44,82,92,2.27,overcast clouds
587,Southbridge,US,42.0751,-72.0334,276.51,74,66,0.89,broken clouds
588,Kpandae,GH,8.4689,-0.0113,297.66,58,8,1.96,clear sky
589,Dosso,NE,13.049,3.1937,294.27,15,7,4.96,clear sky
590,Muroto,JP,33.2833,134.15,290.97,94,100,4.76,light rain
591,Chany,RU,55.3121,76.7647,252.15,93,60,4.9,broken clouds
592,Hay River,CA,60.8156,-115.7999,275.14,93,100,3.6,light rain
593,Ejido Hermosillo,MX,32.5121,-114.9238,292.39,12,14,3.52,few clouds
594,Kokopo,PG,-4.352,152.2633,303.07,61,100,2.77,overcast clouds
595,Itaituba,BR,-4.2761,-55.9836,301.26,59,99,0.31,overcast clouds
596,Sesori,SV,13.7167,-88.3667,299.31,88,44,0.37,scattered clouds
597,Cayenne,GF,4.9333,-52.3333,299.17,83,75,1.03,broken clouds
598,Gweta,BW,-20.1833,25.2333,295.21,67,85,2.48,overcast clouds
599,Te Anau,NZ,-45.4167,167.7167,287.38,46,73,4.52,broken clouds
600,Torit,SS,4.4133,32.5678,294.94,82,100,1.9,light rain
601,Vanimo,PG,-2.6741,141.3028,302.71,68,54,2.92,moderate rain
602,Necocli,CO,8.4234,-76.786,297.43,91,100,3.56,overcast clouds
603,Boende,CD,-0.2167,20.8667,292.81,98,55,0.53,broken clouds
604,Gubkinskiy,RU,64.434,76.5026,243.32,98,45,4.25,scattered clouds
605,Mbuji-Mayi,CD,-6.15,23.6,291.67,98,92,0.73,overcast clouds
606,Raglan,NZ,-37.8,174.8833,292.21,60,4,8.73,clear sky
607,Saint-Honore,CA,48.5334,-71.0824,268.77,68,100,4.63,overcast clouds
608,Dulce Nombre De Culmi,HN,15.1,-85.5333,299.28,99,42,1.24,scattered clouds
609,Jackson,US,42.4165,-122.8345,283.73,70,100,2.06,overcast clouds
610,Channel-Port Aux Basques,CA,47.5702,-59.1367,274.23,62,98,9.67,overcast clouds
611,Staryy Nadym,RU,65.6118,72.6842,248.54,94,99,3.27,overcast clouds
612,Dom Pedrito,BR,-30.9828,-54.6731,290.27,70,93,2.54,overcast clouds
613,Maragogi,BR,-9.0122,-35.2225,297.28,81,15,3.81,few clouds
614,Yatou,CN,37.15,122.3833,283.96,50,0,3.18,clear sky
615,Kurchum,KZ,48.5722,83.6542,268.63,85,100,4.65,light snow
616,Ca Mau,VN,9.1769,105.15,301.07,80,88,2.84,overcast clouds
617,Manggar,ID,-2.8833,108.2667,302.19,70,90,2.71,overcast clouds
618,Thaba-Tseka,LS,-29.522,28.6084,280.75,83,1,1.53,clear sky
619,Gravdal,NO,68.1214,13.5031,275.79,60,27,6.86,scattered clouds
620,Tiksi,RU,71.6872,128.8694,242.75,100,96,1.29,overcast clouds
621,Waitati,NZ,-45.75,170.5667,288.77,56,93,3.23,overcast clouds
622,Samana,DO,19.2056,-69.3369,297.91,87,26,4.59,scattered clouds
623,Tessalit,ML,20.1986,1.0114,294.93,17,100,4.51,overcast clouds
624,Faridabad,IN,28.4333,77.3167,286.29,25,0,2.55,clear sky
625,Arkhipo-Osipovka,RU,44.37,38.52,283.92,74,100,4.5,overcast clouds
626,Tondon,GN,10.3667,-13.35,294.38,55,41,1.13,scattered clouds
627,Visnes,NO,59.3556,5.2242,280.49,49,75,11.83,broken clouds
628,Salekhard,RU,66.53,66.6019,257.42,87,100,5.01,overcast clouds
629,Zhob,PK,31.3411,69.4481,282.16,31,1,1.25,clear sky
630,Koshurnikovo,RU,54.1667,93.3,265.9,82,100,3.49,overcast clouds
631,Talnakh,RU,69.4865,88.3972,239.93,98,100,0.79,overcast clouds
632,Coihaique,CL,-45.5752,-72.0662,287.12,72,100,2.06,overcast clouds
633,Agvali,RU,42.5385,46.1197,281.92,50,0,2.29,clear sky
634,Liku,ID,-0.7275,119.8922,302.89,66,100,0.86,overcast clouds
635,Svetlogorsk,BY,52.6333,29.7333,262.8,98,84,1.98,broken clouds
636,Catuday,PH,16.2923,119.8062,301.03,71,99,3.99,overcast clouds
637,Vilhena,BR,-12.7406,-60.1458,292.78,99,99,0.89,light rain
638,Wielun,PL,51.221,18.5696,274.28,85,100,3.01,overcast clouds
639,Yarke Pole,UA,45.608,34.3172,277.95,81,50,2.5,scattered clouds
640,Umm Lajj,SA,25.0213,37.2685,299.4,62,78,1.36,broken clouds
641,Naliya,IN,23.2667,68.8333,295.27,53,66,1.49,broken clouds
642,Kang,BW,-23.6752,22.7876,296.92,45,100,2.04,overcast clouds
643,Porto Novo,BJ,6.4965,2.6036,300.05,84,12,1.0,light rain
644,Abu Samrah,SY,35.3029,37.1841,285.43,72,0,1.06,clear sky
645,Healdsburg,US,38.6105,-122.8692,289.82,60,40,2.06,scattered clouds
646,Luis Correia,BR,-2.8792,-41.6669,299.44,75,72,6.61,broken clouds
647,Tonj,SS,7.2737,28.6822,297.15,64,72,2.0,broken clouds
648,Manzini,SZ,-26.25,31.5,292.09,94,93,0.8,light rain
649,Fallon,US,39.4735,-118.7774,279.08,33,75,2.06,broken clouds
650,Sakura,JP,35.7167,140.2333,286.92,95,75,5.66,shower rain
651,Synya,RU,65.3718,58.0387,246.56,98,24,2.11,few clouds
652,Tari,NG,12.4086,4.4914,294.66,14,3,5.98,clear sky
653,Santo Antonio Do Ica,BR,-3.1022,-67.9397,296.37,99,100,1.23,moderate rain
654,Kutum,SD,14.2,24.6667,289.9,35,6,2.79,clear sky
655,Khandbari,NP,27.3747,87.2039,288.93,60,6,0.16,clear sky
656,La Sarre,CA,48.8002,-79.1996,269.45,95,100,4.14,snow
657,Ballina,AU,-28.8667,153.5667,298.16,55,94,3.26,overcast clouds
658,Japura,ID,-0.3167,102.35,299.54,75,100,0.66,overcast clouds
659,Halifax,CA,44.6453,-63.5724,276.19,73,87,4.02,overcast clouds
660,Hailey,US,43.5196,-114.3153,272.07,70,75,0.89,broken clouds
661,Udachnyy,RU,66.4167,112.4,247.84,68,100,1.37,overcast clouds
662,Victor Harbor,AU,-35.5667,138.6167,289.08,80,100,1.34,overcast clouds
663,Egvekinot,RU,66.3167,-179.1667,247.06,86,100,4.55,overcast clouds
664,Meulaboh,ID,4.1363,96.1285,298.96,83,52,1.47,broken clouds
665,Lincoln,US,40.8,-96.667,283.16,44,0,1.54,clear sky
666,Danvers,US,42.5751,-70.9301,278.77,62,0,0.89,clear sky
667,Mogok,MM,22.9167,96.5,293.27,57,0,0.96,clear sky
668,Huntington,US,38.4193,-82.4452,280.65,56,0,1.54,clear sky
669,Bushehr,IR,28.9684,50.8385,295.2,56,20,2.06,few clouds
670,Wukari,NG,7.85,9.7833,294.83,32,1,2.09,clear sky
671,Tezu,IN,27.9167,96.1667,294.02,38,1,0.25,clear sky
672,Kupang,ID,-10.1667,123.5833,303.47,79,40,1.03,scattered clouds
673,Harper,LR,4.375,-7.7169,298.42,85,0,3.47,light rain
674,Vila,PT,42.0304,-8.1588,284.65,96,100,6.19,light rain
675,Krasnoselkup,RU,65.7,82.4667,244.87,97,96,3.42,overcast clouds
676,San Isidro,PE,-12.1167,-77.05,293.71,75,0,5.66,clear sky
677,Jacareacanga,BR,-6.2222,-57.7528,296.05,99,100,0.71,overcast clouds
678,Srednekolymsk,RU,67.45,153.6833,234.9,99,76,2.14,broken clouds
679,Rawson,AR,-43.3002,-65.1023,295.76,40,98,5.48,overcast clouds
680,Rudkobing,DK,54.9364,10.7102,278.76,87,100,9.08,overcast clouds
681,Almaznyy,RU,48.0448,40.045,276.31,79,100,9.99,overcast clouds
682,Marrakesh,MA,31.6315,-8.0083,289.19,63,0,4.12,clear sky
683,Shanghai,CN,31.2222,121.4581,290.89,77,100,4.47,overcast clouds
684,Rabo De Peixe,PT,37.8,-25.5833,289.97,96,40,2.57,scattered clouds
685,Yuci,CN,37.6803,112.7319,277.01,87,3,1.0,mist
686,Esso,RU,55.9333,158.7,269.26,85,81,4.54,broken clouds
687,Baturaja,ID,-4.1333,104.1667,297.85,91,100,0.69,overcast clouds
688,Ucluelet,CA,48.9329,-125.5528,282.64,89,17,0.45,few clouds
689,Manono,CD,-7.3,27.4167,291.32,99,99,0.9,overcast clouds
690,Cascais,PT,38.6979,-9.4215,291.77,91,94,7.15,overcast clouds
691,Darnah,LY,32.767,22.6367,289.82,63,59,7.04,broken clouds
692,Bay Roberts,CA,47.5999,-53.2648,274.45,85,51,3.58,broken clouds
693,Dzhebariki-Khaya,RU,62.2167,135.8,237.8,100,99,0.83,overcast clouds
694,Kirensk,RU,57.7853,108.1119,258.68,93,100,1.0,overcast clouds
695,Dhidhdhoo,MV,6.8833,73.1,300.23,69,59,3.41,broken clouds
696,Hsinchu,TW,24.8036,120.9686,297.51,96,97,2.68,overcast clouds
697,Itaberai,BR,-16.0203,-49.8103,293.31,91,100,0.63,overcast clouds
698,Snezhnogorsk,RU,69.1933,33.2531,267.03,96,100,1.59,overcast clouds
699,Oktyabrskoye,RU,43.0645,44.7417,272.23,100,0,4.0,clear sky
700,Victoria Point,AU,-27.5833,153.3,300.97,30,100,3.1,overcast clouds
701,Charters Towers,AU,-20.1,146.2667,304.07,53,76,5.04,broken clouds
702,Sola,VU,-13.8833,167.55,305.52,66,39,0.0,scattered clouds
703,Dukuhturi,ID,-6.9,109.0833,301.51,69,100,2.21,overcast clouds
704,Arcachon,FR,44.5875,-1.0519,287.33,100,100,7.2,moderate rain
705,Cartagena,CO,10.3997,-75.5144,299.94,89,0,1.54,clear sky
706,Pudozh,RU,61.8099,36.5345,263.67,78,41,3.57,scattered clouds
